video_name,classIDx
11-3.mp4,11
26-14.mp4,26
6-3.mp4,6
27-6.mp4,27
5-3.mp4,5
6-1.mp4,6
2-13.mp4,2
13-22.mp4,13
27-2.mp4,27
23-24.mp4,23
14-16.mp4,14
5-5.mp4,5
22-4.mp4,22
6-6.mp4,6
10-7.mp4,10
21-6.mp4,21
21-11.mp4,21
14-14.mp4,14
19-21.mp4,19
11-26.mp4,11
11-20.mp4,11
23-12.mp4,23
19-28.mp4,19
16-9.mp4,16
27-11.mp4,27
21-9.mp4,21
16-10.mp4,16
3-8.mp4,3
13-30.mp4,13
4-1.mp4,4
24-5.mp4,24
6-2.mp4,6
15-4.mp4,15
20-3.mp4,20
2-22.mp4,2
5-4.mp4,5
8-8.mp4,8
15-20.mp4,15
14-17.mp4,14
5-1.mp4,5
11-2.mp4,11
2-14.mp4,2
15-15.mp4,15
13-7.mp4,13
2-4.mp4,2
11-1.mp4,11
19-1.mp4,19
16-4.mp4,16
2-11.mp4,2
7-20.mp4,7
21-1.mp4,21
7-22.mp4,7
22-9.mp4,22
13-23.mp4,13
15-7.mp4,15
0-2.mp4,0
22-5.mp4,22
14-20.mp4,14
15-11.mp4,15
15-17.mp4,15
19-10.mp4,19
15-12.mp4,15
7-3.mp4,7
23-1.mp4,23
7-11.mp4,7
12-5.mp4,12
0-6.mp4,0
13-28.mp4,13
7-14.mp4,7
16-7.mp4,16
10-14.mp4,10
4-6.mp4,4
9-9.mp4,9
15-33.mp4,15
13-2.mp4,13
27-13.mp4,27
10-1.mp4,10
18-3.mp4,18
11-6.mp4,11
8-2.mp4,8
23-11.mp4,23
15-24.mp4,15
15-14.mp4,15
12-4.mp4,12
0-5.mp4,0
19-20.mp4,19
16-3.mp4,16
21-7.mp4,21
15-1.mp4,15
11-13.mp4,11
21-10.mp4,21
13-12.mp4,13
10-13.mp4,10
15-23.mp4,15
23-26.mp4,23
13-18.mp4,13
4-9.mp4,4
13-40.mp4,13
19-31.mp4,19
17-8.mp4,17
15-25.mp4,15
15-29.mp4,15
2-15.mp4,2
6-5.mp4,6
10-2.mp4,10
14-21.mp4,14
4-2.mp4,4
13-32.mp4,13
14-25.mp4,14
10-8.mp4,10
26-11.mp4,26
0-8.mp4,0
14-6.mp4,14
17-3.mp4,17
7-19.mp4,7
11-15.mp4,11
24-6.mp4,24
16-11.mp4,16
19-23.mp4,19
14-29.mp4,14
22-8.mp4,22
26-6.mp4,26
23-14.mp4,23
5-6.mp4,5
27-4.mp4,27
23-18.mp4,23
3-6.mp4,3
15-32.mp4,15
11-11.mp4,11
4-3.mp4,4
27-10.mp4,27
17-5.mp4,17
9-2.mp4,9
13-3.mp4,13
3-2.mp4,3
13-17.mp4,13
14-10.mp4,14
14-1.mp4,14
14-4.mp4,14
13-21.mp4,13
26-7.mp4,26
14-2.mp4,14
1-4.mp4,1
11-24.mp4,11
13-19.mp4,13
18-1.mp4,18
6-8.mp4,6
14-28.mp4,14
13-9.mp4,13
22-2.mp4,22
19-30.mp4,19
13-29.mp4,13
13-13.mp4,13
17-2.mp4,17
19-24.mp4,19
11-5.mp4,11
7-7.mp4,7
11-25.mp4,11
7-15.mp4,7
23-6.mp4,23
0-1.mp4,0
27-3.mp4,27
13-34.mp4,13
19-9.mp4,19
21-2.mp4,21
15-8.mp4,15
3-4.mp4,3
27-15.mp4,27
8-6.mp4,8
13-33.mp4,13
0-11.mp4,0
11-22.mp4,11
9-4.mp4,9
13-4.mp4,13
13-25.mp4,13
23-5.mp4,23
5-7.mp4,5
23-8.mp4,23
11-21.mp4,11
11-4.mp4,11
20-2.mp4,20
19-17.mp4,19
25-2.mp4,25
8-3.mp4,8
24-8.mp4,24
23-2.mp4,23
14-33.mp4,14
9-12.mp4,9
14-5.mp4,14
9-14.mp4,9
13-38.mp4,13
19-22.mp4,19
15-21.mp4,15
13-35.mp4,13
11-23.mp4,11
14-32.mp4,14
26-15.mp4,26
15-31.mp4,15
2-21.mp4,2
2-2.mp4,2
23-17.mp4,23
4-5.mp4,4
19-6.mp4,19
13-6.mp4,13
15-2.mp4,15
14-34.mp4,14
24-7.mp4,24
16-5.mp4,16
27-12.mp4,27
27-14.mp4,27
22-7.mp4,22
7-4.mp4,7
19-34.mp4,19
27-16.mp4,27
22-3.mp4,22
24-17.mp4,24
14-36.mp4,14
26-22.mp4,26
1-1.mp4,1
26-18.mp4,26
2-5.mp4,2
19-7.mp4,19
15-16.mp4,15
15-27.mp4,15
17-4.mp4,17
8-10.mp4,8
24-16.mp4,24
13-31.mp4,13
14-13.mp4,14
26-17.mp4,26
24-14.mp4,24
23-23.mp4,23
2-19.mp4,2
16-2.mp4,16
11-9.mp4,11
15-10.mp4,15
27-7.mp4,27
24-9.mp4,24
2-20.mp4,2
10-9.mp4,10
19-3.mp4,19
0-9.mp4,0
11-19.mp4,11
21-8.mp4,21
19-25.mp4,19
13-15.mp4,13
1-3.mp4,1
27-9.mp4,27
11-8.mp4,11
19-32.mp4,19
4-8.mp4,4
23-27.mp4,23
19-33.mp4,19
23-16.mp4,23
19-19.mp4,19
15-28.mp4,15
13-5.mp4,13
14-18.mp4,14
11-18.mp4,11
21-5.mp4,21
7-5.mp4,7
2-8.mp4,2
0-4.mp4,0
13-10.mp4,13
26-13.mp4,26
7-10.mp4,7
7-12.mp4,7
24-10.mp4,24
2-16.mp4,2
18-5.mp4,18
8-5.mp4,8
9-5.mp4,9
15-22.mp4,15
13-20.mp4,13
10-11.mp4,10
24-3.mp4,24
14-8.mp4,14
26-16.mp4,26
22-6.mp4,22
7-18.mp4,7
7-1.mp4,7
2-12.mp4,2
12-6.mp4,12
14-9.mp4,14
12-7.mp4,12
12-1.mp4,12
12-3.mp4,12
26-9.mp4,26
18-8.mp4,18
6-7.mp4,6
21-3.mp4,21
3-1.mp4,3
9-13.mp4,9
9-1.mp4,9
13-16.mp4,13
16-6.mp4,16
9-6.mp4,9
18-9.mp4,18
7-9.mp4,7
2-18.mp4,2
19-2.mp4,19
15-6.mp4,15
18-6.mp4,18
26-10.mp4,26
10-6.mp4,10
14-15.mp4,14
11-14.mp4,11
5-2.mp4,5
23-22.mp4,23
27-1.mp4,27
9-8.mp4,9
26-3.mp4,26
19-5.mp4,19
23-3.mp4,23
1-2.mp4,1
2-23.mp4,2
27-8.mp4,27
