video_name,classIDx
0-1.mp4,0
0-10.mp4,0
0-11.mp4,0
0-2.mp4,0
0-3.mp4,0
0-4.mp4,0
0-5.mp4,0
0-6.mp4,0
0-7.mp4,0
0-8.mp4,0
0-9.mp4,0
1-1.mp4,1
1-2.mp4,1
1-3.mp4,1
1-4.mp4,1
2-1.mp4,2
2-10.mp4,2
2-11.mp4,2
2-12.mp4,2
2-13.mp4,2
2-14.mp4,2
2-15.mp4,2
2-16.mp4,2
2-17.mp4,2
2-18.mp4,2
2-19.mp4,2
2-2.mp4,2
2-20.mp4,2
2-21.mp4,2
2-22.mp4,2
2-23.mp4,2
2-3.mp4,2
2-4.mp4,2
2-5.mp4,2
2-6.mp4,2
2-7.mp4,2
2-8.mp4,2
2-9.mp4,2
3-1.mp4,3
3-2.mp4,3
3-3.mp4,3
3-4.mp4,3
3-5.mp4,3
3-6.mp4,3
3-7.mp4,3
3-8.mp4,3
4-1.mp4,4
4-2.mp4,4
4-3.mp4,4
4-4.mp4,4
4-5.mp4,4
4-6.mp4,4
4-7.mp4,4
4-8.mp4,4
4-9.mp4,4
5-1.mp4,5
5-2.mp4,5
5-3.mp4,5
5-4.mp4,5
5-5.mp4,5
5-6.mp4,5
5-7.mp4,5
6-1.mp4,6
6-2.mp4,6
6-3.mp4,6
6-4.mp4,6
6-5.mp4,6
6-6.mp4,6
6-7.mp4,6
6-8.mp4,6
7-1.mp4,7
7-10.mp4,7
7-11.mp4,7
7-12.mp4,7
7-13.mp4,7
7-14.mp4,7
7-15.mp4,7
7-16.mp4,7
7-17.mp4,7
7-18.mp4,7
7-19.mp4,7
7-2.mp4,7
7-20.mp4,7
7-21.mp4,7
7-22.mp4,7
7-3.mp4,7
7-4.mp4,7
7-5.mp4,7
7-6.mp4,7
7-7.mp4,7
7-8.mp4,7
7-9.mp4,7
8-1.mp4,8
8-10.mp4,8
8-2.mp4,8
8-3.mp4,8
8-4.mp4,8
8-5.mp4,8
8-6.mp4,8
8-7.mp4,8
8-8.mp4,8
8-9.mp4,8
9-1.mp4,9
9-10.mp4,9
9-11.mp4,9
9-12.mp4,9
9-13.mp4,9
9-14.mp4,9
9-2.mp4,9
9-3.mp4,9
9-4.mp4,9
9-5.mp4,9
9-6.mp4,9
9-7.mp4,9
9-8.mp4,9
9-9.mp4,9
10-1.mp4,10
10-10.mp4,10
10-11.mp4,10
10-12.mp4,10
10-13.mp4,10
10-14.mp4,10
10-2.mp4,10
10-3.mp4,10
10-4.mp4,10
10-5.mp4,10
10-6.mp4,10
10-7.mp4,10
10-8.mp4,10
10-9.mp4,10
11-1.mp4,11
11-10.mp4,11
11-11.mp4,11
11-12.mp4,11
11-13.mp4,11
11-14.mp4,11
11-15.mp4,11
11-16.mp4,11
11-17.mp4,11
11-18.mp4,11
11-19.mp4,11
11-2.mp4,11
11-20.mp4,11
11-21.mp4,11
11-22.mp4,11
11-23.mp4,11
11-24.mp4,11
11-25.mp4,11
11-26.mp4,11
11-3.mp4,11
11-4.mp4,11
11-5.mp4,11
11-6.mp4,11
11-7.mp4,11
11-8.mp4,11
11-9.mp4,11
12-1.mp4,12
12-2.mp4,12
12-3.mp4,12
12-4.mp4,12
12-5.mp4,12
12-6.mp4,12
12-7.mp4,12
13-1.mp4,13
13-10.mp4,13
13-11.mp4,13
13-12.mp4,13
13-13.mp4,13
13-14.mp4,13
13-15.mp4,13
13-16.mp4,13
13-17.mp4,13
13-18.mp4,13
13-19.mp4,13
13-2.mp4,13
13-20.mp4,13
13-21.mp4,13
13-22.mp4,13
13-23.mp4,13
13-24.mp4,13
13-25.mp4,13
13-26.mp4,13
13-27.mp4,13
13-28.mp4,13
13-29.mp4,13
13-3.mp4,13
13-30.mp4,13
13-31.mp4,13
13-32.mp4,13
13-33.mp4,13
13-34.mp4,13
13-35.mp4,13
13-36.mp4,13
13-37.mp4,13
13-38.mp4,13
13-39.mp4,13
13-4.mp4,13
13-40.mp4,13
13-5.mp4,13
13-6.mp4,13
13-7.mp4,13
13-8.mp4,13
13-9.mp4,13
14-1.mp4,14
14-10.mp4,14
14-11.mp4,14
14-12.mp4,14
14-13.mp4,14
14-14.mp4,14
14-15.mp4,14
14-16.mp4,14
14-17.mp4,14
14-18.mp4,14
14-19.mp4,14
14-2.mp4,14
14-20.mp4,14
14-21.mp4,14
14-22.mp4,14
14-23.mp4,14
14-24.mp4,14
14-25.mp4,14
14-26.mp4,14
14-27.mp4,14
14-28.mp4,14
14-29.mp4,14
14-3.mp4,14
14-30.mp4,14
14-31.mp4,14
14-32.mp4,14
14-33.mp4,14
14-34.mp4,14
14-35.mp4,14
14-36.mp4,14
14-4.mp4,14
14-5.mp4,14
14-6.mp4,14
14-7.mp4,14
14-8.mp4,14
14-9.mp4,14
15-1.mp4,15
15-10.mp4,15
15-11.mp4,15
15-12.mp4,15
15-13.mp4,15
15-14.mp4,15
15-15.mp4,15
15-16.mp4,15
15-17.mp4,15
15-18.mp4,15
15-19.mp4,15
15-2.mp4,15
15-20.mp4,15
15-21.mp4,15
15-22.mp4,15
15-23.mp4,15
15-24.mp4,15
15-25.mp4,15
15-26.mp4,15
15-27.mp4,15
15-28.mp4,15
15-29.mp4,15
15-3.mp4,15
15-30.mp4,15
15-31.mp4,15
15-32.mp4,15
15-33.mp4,15
15-4.mp4,15
15-5.mp4,15
15-6.mp4,15
15-7.mp4,15
15-8.mp4,15
15-9.mp4,15
16-1.mp4,16
16-10.mp4,16
16-11.mp4,16
16-2.mp4,16
16-3.mp4,16
16-4.mp4,16
16-5.mp4,16
16-6.mp4,16
16-7.mp4,16
16-8.mp4,16
16-9.mp4,16
17-1.mp4,17
17-2.mp4,17
17-3.mp4,17
17-4.mp4,17
17-5.mp4,17
17-6.mp4,17
17-7.mp4,17
17-8.mp4,17
18-1.mp4,18
18-2.mp4,18
18-3.mp4,18
18-4.mp4,18
18-5.mp4,18
18-6.mp4,18
18-7.mp4,18
18-8.mp4,18
18-9.mp4,18
19-1.mp4,19
19-10.mp4,19
19-11.mp4,19
19-12.mp4,19
19-13.mp4,19
19-14.mp4,19
19-15.mp4,19
19-16.mp4,19
19-17.mp4,19
19-18.mp4,19
19-19.mp4,19
19-2.mp4,19
19-20.mp4,19
19-21.mp4,19
19-22.mp4,19
19-23.mp4,19
19-24.mp4,19
19-25.mp4,19
19-26.mp4,19
19-27.mp4,19
19-28.mp4,19
19-29.mp4,19
19-3.mp4,19
19-30.mp4,19
19-31.mp4,19
19-32.mp4,19
19-33.mp4,19
19-34.mp4,19
19-35.mp4,19
19-36.mp4,19
19-37.mp4,19
19-4.mp4,19
19-5.mp4,19
19-6.mp4,19
19-7.mp4,19
19-8.mp4,19
19-9.mp4,19
20-1.mp4,20
20-2.mp4,20
20-3.mp4,20
20-4.mp4,20
20-5.mp4,20
20-6.mp4,20
21-1.mp4,21
21-10.mp4,21
21-11.mp4,21
21-2.mp4,21
21-3.mp4,21
21-4.mp4,21
21-5.mp4,21
21-6.mp4,21
21-7.mp4,21
21-8.mp4,21
21-9.mp4,21
22-1.mp4,22
22-10.mp4,22
22-11.mp4,22
22-12.mp4,22
22-2.mp4,22
22-3.mp4,22
22-4.mp4,22
22-5.mp4,22
22-6.mp4,22
22-7.mp4,22
22-8.mp4,22
22-9.mp4,22
23-1.mp4,23
23-10.mp4,23
23-11.mp4,23
23-12.mp4,23
23-13.mp4,23
23-14.mp4,23
23-15.mp4,23
23-16.mp4,23
23-17.mp4,23
23-18.mp4,23
23-19.mp4,23
23-2.mp4,23
23-20.mp4,23
23-21.mp4,23
23-22.mp4,23
23-23.mp4,23
23-24.mp4,23
23-25.mp4,23
23-26.mp4,23
23-27.mp4,23
23-28.mp4,23
23-3.mp4,23
23-4.mp4,23
23-5.mp4,23
23-6.mp4,23
23-7.mp4,23
23-8.mp4,23
23-9.mp4,23
24-1.mp4,24
24-10.mp4,24
24-11.mp4,24
24-12.mp4,24
24-13.mp4,24
24-14.mp4,24
24-15.mp4,24
24-16.mp4,24
24-17.mp4,24
24-18.mp4,24
24-19.mp4,24
24-2.mp4,24
24-3.mp4,24
24-4.mp4,24
24-5.mp4,24
24-6.mp4,24
24-7.mp4,24
24-8.mp4,24
24-9.mp4,24
25-1.mp4,25
25-2.mp4,25
25-3.mp4,25
26-1.mp4,26
26-10.mp4,26
26-11.mp4,26
26-12.mp4,26
26-13.mp4,26
26-14.mp4,26
26-15.mp4,26
26-16.mp4,26
26-17.mp4,26
26-18.mp4,26
26-19.mp4,26
26-2.mp4,26
26-20.mp4,26
26-21.mp4,26
26-22.mp4,26
26-3.mp4,26
26-4.mp4,26
26-5.mp4,26
26-6.mp4,26
26-7.mp4,26
26-8.mp4,26
26-9.mp4,26
27-1.mp4,27
27-10.mp4,27
27-11.mp4,27
27-12.mp4,27
27-13.mp4,27
27-14.mp4,27
27-15.mp4,27
27-16.mp4,27
27-2.mp4,27
27-3.mp4,27
27-4.mp4,27
27-5.mp4,27
27-6.mp4,27
27-7.mp4,27
27-8.mp4,27
27-9.mp4,27